School,e1,e2,e3,e4,e5,e6,e7,e8,Attendance,All 7 Conferences
Advanced Math and Science Academy,,,,,,,x,,1,6 Conferences
American Christian School,,,,,x,,,,1,5 Conferences
American School Foundation of Guadalajara,,,,,,,x,,1,4 Conferences
AMSA Charter School,,,,,,x,,,1,
Aristotelio College,,,,,x,x,,,2,
Arlington Regional MUN (ARMUN),,,,x,,,,,1,
Bedford High MA,,,x,x,,,,,2,
Bedford High NH,,,x,x,x,x,x,,5,
Belen Jesuit Preparatory School,,,,,,x,,,1,
Belmont High School,x,x,,,,,,,2,
Blind Brook High School,x,x,,,,x,x,,4,
Boston Trinity Academy,,,x,x,,,,,2,
Bronxville High School,x,x,,,,,,,2,
Brookline High School,,,,,x,x,,,2,
Burr and Burton AcademyÂ ,,,,,,,x,,1,
California High School (Whittier),,,,,x,,,,1,
Cape Elizabeth High School,,,,,x,x,x,,5,
Carl Sandburg High,,,x,,,,,,1,
Carver Middle High School,x,x,,,,,,,2,
Catholic Memorial School,,,,,,,x,,1,
CATS Academy Boston,x,x,,,,,,,2,
Charlotte Latin School,x,x,,,,,,,2,
Cheverus High School,x,x,x,,x,x,x,,6,
Choate Rosemary,x,x,x,,,,,,3,
Clements High School,x,x,,,,,,,2,
Clinton High School,x,x,,,,x,,,2,
Coginchaug Regional High School,x,x,x,x,x,,,,5,
Community School of Naples,,,,,,x,x,,2,
Cushing Academy,,,x,,,,,,1,
Danvers High School,,,,x,x,,x,,3,
Darien High School,,,,x,x,x,x,,4,
Deerfield Academy,,,x,,,,,,1,
Duxbury High School,x,x,,,,,,,2,
East Greenwich High School,,,,,,,x,,1,
Edgewood High School,,,,,,x,,,1,
Fairfield College Preparatory School,,,,,x,x,x,,3,
Faith Lutheran High School,,,,,,x,,,1,
Falmouth High School,,,x,x,x,x,,,4,
Fayetteville-Manlius High School,,,,,,,x,,1,
Gateway Regional,x,x,,,,,,,2,
Georgetown Visitation Prep,,,,,,,x,,1,
German International School Boston,,,,,x,x,x,,3,
Granby Memorial High School,,,x,x,x,x,x,,5,
Herricks High School,,,,,x,x,,,2,
Highland High School,x,x,,,,,,,2,
Hingham High School,x,x,,,,x,x,,4,
Hinsdale South High School,,,,,x,,,,1,
Holliston High School,,,,,x,,x,,2,
Holy Innocent's Episcopal School,,,,,,,,,0,
Hopewell Valley Central High School,,,,,,,x,,1,
Hopkinton,,,x,,,,,,1,
Immaculate High School,,,,x,x,x,x,,4,
Innovation Academy Charter School,,,,,,,x,,1,
Institute Africaine de developpement economique et social,,x,,,,,,,1,
International School of Panama,x,x,x,x,,,,,4,
International School of Port of Spain,x,x,,,,,,,2,
Iolani School,x,x,,,,,,,2,
Ipswich High School,x,x,x,x,x,x,x,,7,
Jamesville-Dewitt High School,x,x,,,,,x,,3,
John Bapst Memorial High School,,,,x,,x,,,2,
John Stark Regional High School,,,,x,,,,,1,
Kingston High School,,,,,,,x,,1,
Lexington High school,,,,x,x,x,x,,4,
Lincoln-Sudbury Regional High School,,,x,x,x,x,x,,5,
Mater Dei High School,x,x,,,,,,,2,
Matignon High,,,x,,,,,,1,
Medfield High School,,,,,,x,,,1,
Melrose High School,x,x,,x,x,x,x,,6,
Meridian Academy,,x,,,,,,,1,
Milton High School,,,,,,,x,,1,
Modern American School Amman,,,,,,x,,,1,
Mosaic Explore,,,,,,x,x,,2,
Nashua High School North,,,,,x,x,x,,3,
Natick High School,x,x,x,x,x,x,x,,7,
Nauset Regional High School,,,,,,,x,,1,
New Canaan High School,,,,x,,,,,1,
Newton North High School,,,x,x,,,x,,3,
Newton South High School,,,x,x,x,x,x,,5,
Nobles and Greenough,x,x,,,,,,,2,
North Andover High School,,,x,x,,,,,2,
North Salem High,,x,,,,,,,1,
Oyster River High School,,,,,,x,x,,2,
Phillips Exeter,x,x,x,,,,,,3,
Pinkerton Academy,,,,,x,x,x,,3,
Preparatoria UP Campus Yaocalli,x,x,,,,,,,2,
RBMUN (Rye Brook Model UN),,,,,x,,,,1,
Rising Tide Charter Public School,,,,,,,x,,1,
SABIS International High School,,,x,x,x,x,x,,5,
Saint Ignatius College Prep,,,,,,x,,,1,
Scituate High School,,,,x,,x,,,2,
Seacoast New Hampshire,,,x,,,,,,1,
Seekonk High School,x,x,x,x,x,x,x,,7,
Seton Catholic Central,,,x,x,x,,,,3,
Shaker Heights High School,,,x,,,,,,1,
Shenendehowa High,,,x,x,x,,,,3,
Single Delegate - Julian Silverman,,,,,,,x,,1,
Single Delegate - Maheen Safian,,,,,,,x,,1,
Somers High School,x,x,,x,x,,,,4,
South Lakes,x,x,x,x,,,,,4,
St Ignatius,x,x,x,,x,,,,4,
St. Ambrose Academy,x,x,,x,,,,,3,
St. George's School,x,x,,,,,,,2,
St. John's Prep,x,x,,x,,,,,3,
St. Margaret's Episcopal School,x,x,,,,x,,,3,
St. Martin's Episcopal School,,,,,,,x,,1,
St. Thomas Aquinas,x,x,,,,,,,2,
Stowe High School,,,,,x,x,x,,3,
Stuyvesant High School,,,,,x,,,,1,
The Bromfield School,,,,x,,,,,1,
The Master's School,x,x,,,,,,,2,
The Wheatley School,,,,,,,,,0,
Trumbull High School,,,,x,,,x,,2,
Ursuline Academy,,,,,x,,,,1,
Villa Sainte Marcelline,,,,,x,,,,1,
Wachusett Regional HS,x,x,x,x,x,,,,5,
Walton High School,,,,,,,x,,1,
Watertown High School,,,,,,,x,,1,
Webber Academy Calgary Canada*,x,x,,,,,,,2,
Wellesley High School,,,,x,,,,,1,
Weston High School,x,x,,x,,,,,3,
Westwood High School,,,,x,,x,,,2,
Weymouth High School,,,,,,,x,,1,
Woodstock Academy,,,x,x,,,,,2,
Xaverian Brothers High School,,,,,,,x,,1,
Xavier High School,x,x,x,x,x,,x,,6,
Yarmouth High School,x,x,x,,x,x,x,,6,